feat_list,hyper_param,fold,avg,std
0,1,3,369.8742859435425,173.18243664288966
0,1,5,313.1923889443599,95.81618981803406
0,1,7,337.28495224974284,227.8158996866859
0,1,9,281.83030779469834,141.9936555355985
0,1,11,280.7242924374402,158.80133436733163
0,1,13,283.69048690717375,151.91236150751826
0,1,15,279.3869647323948,161.01257739291117
0,1,17,265.87830309563583,179.56066872313679
0,1,19,266.9528239414087,175.2994284701074
0,1,21,263.8674381067361,179.42979472673534
0,2,3,343.13553526924443,160.95436042585948
0,2,5,312.4305628603289,154.1096727170615
0,2,7,303.8383770400181,211.93149530898867
0,2,9,287.2298560875818,194.23483201686022
0,2,11,282.10011434849616,209.3012813180999
0,2,13,283.7319829118061,207.78235251704962
0,2,15,280.0697677782237,210.74411515548877
0,2,17,264.98457377578404,228.70819381827198
0,2,19,263.55952116302376,225.93022931797407
0,2,21,260.2254152413809,231.8306226005867
0,3,3,351.5132038857607,169.2102461403184
0,3,5,323.6702429798953,151.113729516015
0,3,7,309.5074319316067,227.77595738843726
0,3,9,297.1432962764023,195.14088019968867
0,3,11,287.9876758776964,211.37050752996348
0,3,13,288.0019458690615,212.09459893213295
0,3,15,285.45113033710317,215.1485592933961
0,3,17,267.7931259076365,236.8198360615653
0,3,19,268.8959515624217,230.8591091808402
0,3,21,263.1651886140946,238.41049975476585
0,4,3,358.4080330426751,189.5171466881337
0,4,5,334.61829272797377,159.5049195193686
0,4,7,320.96003009256543,247.42896104107524
0,4,9,305.0634211326028,207.219929776885
0,4,11,290.75566955884625,224.43673850529825
0,4,13,294.53125068993063,223.16921823447527
0,4,15,290.034664739057,229.40417080336485
0,4,17,271.4095061443862,248.24905489400322
0,4,19,272.5478121685264,244.14779587591872
0,4,21,266.9136768916064,250.69552194912953
0,5,3,362.90150769609517,185.74283106870365
0,5,5,342.8296958712411,174.7675285553065
0,5,7,319.15811845876084,250.10286277421875
0,5,9,315.9330789347607,220.414237081822
0,5,11,300.765661822662,237.36033706641015
0,5,13,296.943248557758,241.83801572624358
0,5,15,292.6297710459069,247.14659012694523
0,5,17,281.55237497750005,262.1914933310762
0,5,19,281.69408376482147,260.13172559037065
0,5,21,276.8176171958624,265.582164333188
0,6,3,367.9450630863542,191.92827168619684
0,6,5,347.1440707208689,180.79132774979107
0,6,7,317.62600773297817,248.6168250519777
0,6,9,314.4672370642042,228.4951373896411
0,6,11,299.7812827418708,246.01320504670426
0,6,13,297.533228673238,249.71551265307872
0,6,15,293.06947184620185,255.0794278922065
0,6,17,278.50912824645394,269.5604474657567
0,6,19,279.50512527284735,268.09370377222325
0,6,21,273.997518108799,273.72583149633095
0,7,3,375.539957639566,195.36502028154237
0,7,5,351.48551342072284,183.41510219504408
0,7,7,320.7307263727209,259.4491974669445
0,7,9,312.4337128249322,233.91835177063925
0,7,11,298.1553132848882,250.43194212948464
0,7,13,296.3344011536298,252.88403176550526
0,7,15,294.82883372202525,258.1712530879088
0,7,17,279.88982670797304,272.02018587047445
0,7,19,280.38136909624734,270.69557590970646
0,7,21,276.01322924050993,276.2310034052079
0,8,3,372.70751848206396,197.69234341697234
0,8,5,353.04959543850686,186.94673485239372
0,8,7,321.4569511586825,260.07174185996604
0,8,9,320.4280873323937,241.5027368036659
0,8,11,305.3190892338964,260.42570827397805
0,8,13,304.53550660563195,261.71394025322985
0,8,15,299.10101730290427,268.32686264011335
0,8,17,285.7601668666984,282.48849194696885
0,8,19,284.72044972544523,280.35423830402306
0,8,21,279.6644294421275,286.01190165034586
0,9,3,375.2085049495012,203.0623575911178
0,9,5,356.8000169053406,192.1435529200481
0,9,7,327.03206785673007,264.2932066479671
0,9,9,325.1131040842582,242.4725065665445
0,9,11,309.33000118478395,261.5970329863051
0,9,13,307.5127993871876,263.5592362450033
0,9,15,302.20078291735166,270.11718481566396
0,9,17,287.0203576605859,284.6978711369864
0,9,19,286.81554203256127,282.1309603402609
0,9,21,280.697352735772,288.41218799508323
0,10,3,379.50967310102175,205.6577274073052
0,10,5,362.47143345417714,193.9576273984563
0,10,7,331.5598331178021,267.1276984589904
0,10,9,330.220799260027,247.0109581254371
0,10,11,314.0587735292527,265.25811505825135
0,10,13,312.0027276960002,269.13617663313687
0,10,15,307.2821581476501,275.1639415975798
0,10,17,292.994133512434,289.67220951599745
0,10,19,293.3434248518386,287.23633221221706
0,10,21,286.3453984886911,293.89037817181816
0,11,3,381.52736046578246,205.1922134565594
0,11,5,361.94680373338775,195.93094673754374
0,11,7,333.2109234658574,266.37810139486237
0,11,9,331.165553329377,249.37697094070097
0,11,11,315.66157018319785,267.0544621447037
0,11,13,316.3743593945785,272.1178011457734
0,11,15,310.3798589616747,278.22134683050035
0,11,17,294.88757983976444,291.80883080904744
0,11,19,295.09129022927027,290.51458392700107
0,11,21,290.06130937696287,297.42758540219404
0,12,3,382.9564559745169,208.11023984015392
0,12,5,366.4635837217453,199.0291541141807
0,12,7,334.00670318198576,269.6322816672293
0,12,9,334.46941235375374,247.4987425415086
0,12,11,319.9665409911793,266.0254988481436
0,12,13,317.3346091100929,270.7979806720246
0,12,15,312.2214422425062,276.7119603715964
0,12,17,295.55825969512205,291.353945864736
0,12,19,297.7404221321946,288.67682649968873
0,12,21,289.7978261824694,296.2070921244313
0,13,3,384.80942441078423,209.29368909686139
0,13,5,369.34103118241194,200.4303687129784
0,13,7,335.20538472049685,272.30676452604905
0,13,9,336.1443581774515,251.38881206550772
0,13,11,320.88744047279243,269.3446279117153
0,13,13,320.4210250820469,275.4387113143752
0,13,15,315.45009237015313,281.31355205398836
0,13,17,299.9821791640553,294.78496793820096
0,13,19,301.9460641738814,293.29525916397665
0,13,21,295.5718514817619,300.114028383697
0,14,3,388.133291568487,210.03852675154087
0,14,5,371.514378553259,201.51732794149314
0,14,7,334.18009471131256,273.22997577314857
0,14,9,337.80312202487545,254.8214199576336
0,14,11,323.11718826978836,271.23199876672925
0,14,13,322.1022189898412,277.4725974252936
0,14,15,316.7220701185699,283.96694897132767
0,14,17,302.66724525012347,298.5770826245144
0,14,19,302.7671714171059,295.7791276696494
0,14,21,296.2442837702524,302.50157551046806
0,15,3,392.26681681957376,212.51824970875228
0,15,5,374.953601997365,201.00202740299005
0,15,7,335.4221248061096,274.6274552707818
0,15,9,341.3887718210996,255.31906580910217
0,15,11,326.42125214955666,271.21334135686135
0,15,13,324.1735116044613,278.5278696522753
0,15,15,319.212495976183,284.7697649015558
0,15,17,304.43273483239494,298.76549099392867
0,15,19,305.0543673729717,296.9470019521404
0,15,21,298.98617660114843,303.51622001405025
0,16,3,396.38506537628496,213.8560283761157
0,16,5,378.9826770189696,202.87852701756262
0,16,7,338.23806885688657,274.6504321272613
0,16,9,344.47032885227895,255.01763983854843
0,16,11,329.023922735245,272.1174842711651
0,16,13,325.97724793962277,279.2058492616844
0,16,15,321.5006434930764,285.2657471756551
0,16,17,306.6013190227219,300.0432222268089
0,16,19,307.3515892972949,297.68850967161666
0,16,21,300.39967603610677,304.6447018042535
0,17,3,400.099473155657,215.52694028223573
0,17,5,382.08720519170583,204.54556340990268
0,17,7,341.26143012292596,276.2532949419696
0,17,9,344.8372003501202,256.3172450436431
0,17,11,329.968917858337,274.47391858272914
0,17,13,327.6087428762223,280.14210530922554
0,17,15,322.5390275409197,286.45186091803174
0,17,17,308.8734736234397,301.08724703220764
0,17,19,309.89030671470215,298.37683684940583
0,17,21,303.06791619812157,305.4026888779622
0,18,3,402.7239603012349,215.19547900000478
0,18,5,386.80563875315795,205.96417832485926
0,18,7,342.96835469220326,277.59958648992546
0,18,9,347.55468966059925,258.25764505646026
0,18,11,332.4830819907257,276.0153114356407
0,18,13,330.0198702615115,281.90135842796894
0,18,15,324.1897058462675,288.52545342433444
0,18,17,310.2569649447108,303.2238089172291
0,18,19,309.58162496998995,300.76434011127895
0,18,21,304.42491891282634,307.16073392374335
0,19,3,403.69357505317254,216.57598349528644
0,19,5,389.6349529790967,208.77626689375776
0,19,7,345.9511212031512,280.20855102545056
0,19,9,351.806110412719,258.64754409540205
0,19,11,337.1263768737867,278.38558431821326
0,19,13,332.05177920371665,283.6105662051982
0,19,15,326.5499346576383,290.18089245911494
0,19,17,312.4245815209056,304.5525422318251
0,19,19,312.1501339223879,302.7239321411599
0,19,21,305.6971781939173,309.4909281415601
0,20,3,404.9154835252736,216.492104613637
0,20,5,392.3135563448471,210.36674491423057
0,20,7,348.59765906488974,282.4508471909735
0,20,9,354.6660413422723,260.6419234965349
0,20,11,339.58354847547145,281.6286316720254
0,20,13,334.59303874507884,286.44241654399343
0,20,15,328.8241856689399,292.88684394429487
0,20,17,315.37240296613277,306.99209101573
0,20,19,315.27895663309516,305.1124613461883
0,20,21,308.4388873393932,312.13328610141696
1,1,3,342.48172254192576,171.02876003193194
1,1,5,272.18610379251993,107.63439339980067
1,1,7,316.9412711629711,223.1709720342238
1,1,9,264.08066443573256,123.35136101243366
1,1,11,255.31247794401824,130.53867262202448
1,1,13,247.51088933131692,141.95724788982386
1,1,15,248.890445278716,140.19946871012132
1,1,17,236.74059900808092,162.03128002250708
1,1,19,238.98834880208668,155.93367141858687
1,1,21,235.02682405069538,162.06838712990793
1,2,3,336.78648453987563,145.61111276577444
1,2,5,302.4313341953388,152.97867901470144
1,2,7,297.74803140541354,209.29185790211605
1,2,9,281.59127329369153,177.57633669925906
1,2,11,269.57164661461496,190.29249090759575
1,2,13,261.27745312530686,201.13799975945116
1,2,15,263.53067754521857,199.1012324662525
1,2,17,247.84725224682722,218.02984354612715
1,2,19,250.48087296740945,215.4581520795709
1,2,21,242.5209369046337,223.74602301559236
1,3,3,347.0389764214164,174.97903631514032
1,3,5,298.64535500944567,153.80681291196032
1,3,7,296.50259887748564,219.31579118843007
1,3,9,285.991732904674,178.57804573212684
1,3,11,275.20332641595746,191.4767730113811
1,3,13,266.8384206663905,201.57685721407628
1,3,15,268.0271741508244,201.021047953323
1,3,17,250.4412131825563,219.8777583758078
1,3,19,253.0645608313852,216.9362722950892
1,3,21,244.21529358166234,226.583394988893
1,4,3,339.2638943503844,189.53641214559764
1,4,5,305.6481245779402,167.47698012855503
1,4,7,295.9913818766892,248.39151253406342
1,4,9,285.7376523667799,197.86107833672415
1,4,11,281.09266562898443,209.66421209258877
1,4,13,272.78951993918236,219.69452475001725
1,4,15,271.66257821185803,221.2855752200855
1,4,17,255.82784477791114,238.53088864864029
1,4,19,256.1584068042721,236.3229967741053
1,4,21,247.93295947277224,246.25982223085697
1,5,3,338.5006081029711,193.43113694917588
1,5,5,316.74468814796353,184.87876057928148
1,5,7,300.5763485026008,262.24886480771676
1,5,9,295.1158534812181,218.87666250088444
1,5,11,285.31266310813004,230.79752208502094
1,5,13,274.51410923949504,242.6969515332692
1,5,15,272.88643586765755,244.73128016098858
1,5,17,256.5819508455475,259.57511414630414
1,5,19,256.6963112466093,258.8536495792724
1,5,21,248.48827690950614,267.6099570470532
1,6,3,347.7237142606263,197.93598301829033
1,6,5,321.40752092931115,189.32120389700188
1,6,7,297.9140223341612,265.7994804814233
1,6,9,300.6401321211664,232.97101199972383
1,6,11,292.30913854216413,245.19317697933596
1,6,13,281.1603437047675,257.2307410454042
1,6,15,280.78129063397387,259.0161002748651
1,6,17,263.72166927376384,272.7077625453896
1,6,19,262.0176784710242,273.66297178215746
1,6,21,254.75169514158932,280.9664215000573
1,7,3,352.238161479868,203.53360130155284
1,7,5,324.5973976845962,193.03130672216741
1,7,7,295.9005291379691,266.11749163505567
1,7,9,297.35155673360185,237.69773621191746
1,7,11,289.6995304515774,250.28000145155593
1,7,13,279.4479879101787,260.94909960852414
1,7,15,277.26587554639593,264.35729180396095
1,7,17,263.02916789327503,275.7560056141876
1,7,19,263.2842279914746,275.7660616152897
1,7,21,255.33732932685447,283.12231512310535
1,8,3,354.79904051357215,206.04910598034886
1,8,5,325.5598486499934,193.6261332441087
1,8,7,296.66746101209225,264.2495138303636
1,8,9,301.19622638757954,238.47589849965078
1,8,11,289.6341166560768,252.32487750074614
1,8,13,279.9377147278826,263.1440537765824
1,8,15,276.94090006788906,266.3924562961504
1,8,17,262.732809039118,277.45583014008577
1,8,19,262.6022978529041,277.83837424382773
1,8,21,254.72196163532317,285.4758377071359
1,9,3,358.70460834165243,209.4624417745658
1,9,5,334.3812364841758,198.50816219804582
1,9,7,302.6573515037886,267.79136542964005
1,9,9,305.3953080280478,237.82378165986952
1,9,11,292.00425005759575,252.94578576627188
1,9,13,282.89408355163016,262.7258229703531
1,9,15,279.9984783730503,266.698813317092
1,9,17,267.74765113824515,277.38851718304306
1,9,19,265.8934668979272,277.7757205636127
1,9,21,258.7361747833212,285.17491254124906
1,10,3,363.26832852904636,215.675102362997
1,10,5,342.32458028070033,202.7978835998802
1,10,7,307.78415460970473,271.0897100854804
1,10,9,310.66713455527093,241.07430604756394
1,10,11,296.1551886466963,256.8901526422418
1,10,13,287.79292815137245,268.03613023991426
1,10,15,285.43315445877084,271.3933891046279
1,10,17,273.01162782339077,281.2659513784324
1,10,19,270.48609615064015,283.7285661785705
1,10,21,263.35511934055927,290.49737772912744
1,11,3,364.79553187277287,215.45462547506912
1,11,5,345.09099271631834,205.40199252546697
1,11,7,310.11198019333034,272.0783839330197
1,11,9,315.59502144797153,245.57566540641804
1,11,11,301.7666232168962,261.57154758347326
1,11,13,291.29856443215175,270.7300452149628
1,11,15,287.9393368133961,274.8117241637554
1,11,17,277.481887601773,285.33673489964633
1,11,19,274.37907375409554,286.13606949843444
1,11,21,266.74340132193976,293.6322639486134
1,12,3,364.8513698122276,217.3493861043933
1,12,5,349.2989323000714,206.03717263702535
1,12,7,309.8800118987068,275.98918725768567
1,12,9,317.21549415825496,249.5969738457023
1,12,11,304.0280783231984,265.22051554306773
1,12,13,292.6792133708754,275.13443705113184
1,12,15,288.79132065260075,279.4713364875134
1,12,17,278.5184512544635,289.6204955715681
1,12,19,276.5909160991832,290.09819961528524
1,12,21,268.76364106215885,297.56120895223074
1,13,3,365.4170493658449,213.06803155964832
1,13,5,347.8901883549073,208.72372065937384
1,13,7,310.22097996701797,277.71968453216266
1,13,9,320.29867597150707,253.01563380208694
1,13,11,306.39731097648837,268.113850065022
1,13,13,294.75160022286644,278.84948741255215
1,13,15,290.69094490174814,283.13846587076887
1,13,17,282.29075424710027,292.92484049772753
1,13,19,277.9529412484965,294.34694367521445
1,13,21,271.99115666471596,300.79612202422936
1,14,3,365.26412468047687,215.2761010682818
1,14,5,350.8715761595948,208.88249961225296
1,14,7,312.5283829498545,281.741337787333
1,14,9,320.2684547476553,254.32915667065157
1,14,11,307.1589410261831,270.2886802606122
1,14,13,297.0842180925916,280.9915364485769
1,14,15,293.137832053659,285.4648773550511
1,14,17,281.8714466056148,294.73907031930935
1,14,19,278.3672561005889,297.31098808927084
1,14,21,272.11490430073417,303.85803031419033
1,15,3,366.45699530485064,217.08135372282354
1,15,5,353.2692894802564,211.50237298465336
1,15,7,312.5987344295908,282.1900969908286
1,15,9,321.5878964398038,258.8195500777707
1,15,11,308.6965887848395,271.26344324377914
1,15,13,298.4520336282691,284.83616688987325
1,15,15,294.670319943835,289.1427177601601
1,15,17,284.83220948677024,298.67313527670063
1,15,19,282.280518840538,300.18961189453273
1,15,21,274.07997478992155,307.54850919163397
1,16,3,368.4133400131321,220.27177737344175
1,16,5,352.709563456646,211.88114728958988
1,16,7,313.53550754341893,283.3822009029751
1,16,9,322.7692533037306,258.78367552310357
1,16,11,309.9441146280555,273.45404679140466
1,16,13,299.5490298479072,286.1396007181308
1,16,15,295.2147420463812,290.72550651239067
1,16,17,284.62182968301966,299.45140075389435
1,16,19,281.6656644024566,302.160458163617
1,16,21,274.9813944929643,308.79118569860543
1,17,3,368.1896764195015,222.40486446225316
1,17,5,355.0731632545764,211.9681236395327
1,17,7,312.9541902924812,284.94700117579276
1,17,9,323.62613098459474,260.49435557468547
1,17,11,309.1621665578179,273.67362057437305
1,17,13,298.9928980758033,287.23349818714667
1,17,15,295.0388664739147,291.7563843390751
1,17,17,285.60156106841805,300.66727446478006
1,17,19,282.67685465711224,302.8876222398886
1,17,21,275.705037254166,309.5933943425887
1,18,3,370.57652983952426,224.24218178524674
1,18,5,356.97251575614854,213.27465563261222
1,18,7,314.2748367368552,283.3762423678985
1,18,9,325.0063967601393,262.6915901458401
1,18,11,311.9624951372414,274.6790481196636
1,18,13,299.78678233946533,289.6587876126506
1,18,15,296.582217945633,293.9054345543207
1,18,17,286.0841324012444,303.6782811772082
1,18,19,282.41223220819387,305.7039876751089
1,18,21,275.3793515529582,312.3541190743455
1,19,3,372.1696265394623,226.20303980357738
1,19,5,360.66139594678236,215.40440572950016
1,19,7,313.2178062376397,285.0664737498897
1,19,9,324.87031739837425,262.34656875593197
1,19,11,311.28557129054167,277.31256345718054
1,19,13,300.49330672546887,288.9918596053394
1,19,15,296.7285864056994,293.4562811598477
1,19,17,288.07981946688096,302.66414636402016
1,19,19,284.1943172959719,304.91213109156706
1,19,21,277.055235629518,311.67956228341603
1,20,3,374.39225985138665,226.14341155448878
1,20,5,361.7240135329611,216.1631967633711
1,20,7,315.32525462647163,285.89442571593645
1,20,9,325.55345422337075,263.52409703989844
1,20,11,314.23218165459826,280.1635502198016
1,20,13,301.8671291300673,290.031499988745
1,20,15,298.01278842548385,294.35119496552227
1,20,17,288.3477277310848,304.10879697356086
1,20,19,285.68530309181546,305.74494646670036
1,20,21,278.0991896516548,312.55532061022956
2,1,3,579.6427937528574,167.7821649788375
2,1,5,639.507606557234,150.92238434052732
2,1,7,608.3113381785337,254.06812513943726
2,1,9,604.5147008822805,252.0463749656106
2,1,11,592.4352291893628,284.9126132881573
2,1,13,569.6967292218872,326.4271003146801
2,1,15,554.5989677300654,314.4350851447269
2,1,17,545.2682433342803,331.53885663212884
2,1,19,547.1122381053144,329.3547944867106
2,1,21,544.4689802270437,335.2583776574882
2,2,3,516.6689342878913,154.21602290953888
2,2,5,584.113576649775,166.15598926982886
2,2,7,549.2791018717887,253.55368148091986
2,2,9,528.2114481548784,251.16740393839854
2,2,11,521.1867511206016,273.54501369320434
2,2,13,496.86251241342694,296.47814492995695
2,2,15,494.11724447658827,300.1377373640379
2,2,17,474.5618395914171,329.0893971633981
2,2,19,487.01309538204623,326.6551263930129
2,2,21,483.5764498669684,333.290300700282
2,3,3,532.8128383131258,140.4898004332275
2,3,5,564.1200267385177,166.77009393535536
2,3,7,516.1676216631486,248.819461186046
2,3,9,523.8751191672814,251.11922967781194
2,3,11,521.0469784785793,259.8249236496502
2,3,13,491.1464456339957,281.7945899832566
2,3,15,475.29096913626694,275.4376413191227
2,3,17,458.43248100579495,302.1716226465144
2,3,19,459.81743212862506,299.46543618386045
2,3,21,453.60875493529784,309.0128723106589
2,4,3,502.3938904463907,165.82354187560716
2,4,5,515.8199356243387,159.36900327712303
2,4,7,479.21450672824403,245.4811982420725
2,4,9,484.6540445980489,237.03747722709193
2,4,11,475.7017076447517,251.2247225673212
2,4,13,462.94017751328005,270.6188810671199
2,4,15,438.3057656348285,273.40904535947027
2,4,17,420.8714678748599,297.93741332407035
2,4,19,439.9132071871532,304.80738149626336
2,4,21,435.20305444260964,313.95573708762225
2,5,3,506.6215665254719,171.6501199078964
2,5,5,511.0090214905352,176.17223520933038
2,5,7,470.0168025525755,259.4690365987668
2,5,9,474.1886813361955,257.07095253167813
2,5,11,473.9635712514877,260.7415012324881
2,5,13,461.44547594575675,277.4406460223799
2,5,15,457.7014396895148,288.22991088359004
2,5,17,440.12195793972853,314.47059428984267
2,5,19,442.2357498360789,309.49311722963756
2,5,21,433.59158624001793,321.92941211180846
2,6,3,489.10906528277,172.9573057199271
2,6,5,497.1329111075423,182.6897348843642
2,6,7,454.9931737926428,262.2615890471394
2,6,9,461.8146387993821,259.7319414124474
2,6,11,457.5457361831777,266.4054700239987
2,6,13,445.86440590877976,278.4480701762421
2,6,15,442.88506297667124,290.42145655631793
2,6,17,422.54055814655203,315.87747498079636
2,6,19,428.40067361467163,310.68969266471237
2,6,21,421.4769131222593,320.30678444077785
2,7,3,483.1475213015808,179.5492088581872
2,7,5,485.06554043110975,196.04020412073834
2,7,7,442.6855693994809,273.32728821406374
2,7,9,451.6243796365535,267.75611893225505
2,7,11,449.2859953256609,274.8222264210803
2,7,13,436.8618105928755,288.53186926140603
2,7,15,433.5267894200512,298.7391923587772
2,7,17,414.45069052647324,321.3695069232857
2,7,19,419.0506405242451,318.70737054907414
2,7,21,412.6120002472162,327.071155653388
2,8,3,480.53251002791256,180.92611509104535
2,8,5,484.3175664930137,199.09105040624829
2,8,7,441.3861290652003,278.7151409717887
2,8,9,446.3924177792985,273.7868708078582
2,8,11,442.79455851283996,282.0685673339217
2,8,13,432.2477105900191,294.5047120651198
2,8,15,426.5185891976537,302.76059116404673
2,8,17,411.47302840165213,326.9407943092341
2,8,19,412.65665900725077,322.3400472938171
2,8,21,404.7636793858794,331.4947109037236
2,9,3,477.224958278975,184.89275326727255
2,9,5,481.10796005659984,195.61327424750527
2,9,7,437.20416103516163,276.23882756839436
2,9,9,444.8801066824102,268.2817292324519
2,9,11,438.82074614359476,277.2763192540848
2,9,13,429.4816114149684,290.53056093262796
2,9,15,423.70411063327464,298.2722402731238
2,9,17,407.08647866920217,322.38896591598285
2,9,19,408.59674832442,317.8772514540799
2,9,21,401.994566685337,326.97695966001174
2,10,3,475.40028284910204,190.7725260836558
2,10,5,475.20207422691635,194.14405965580954
2,10,7,431.1971960110125,275.7565315770442
2,10,9,441.90413181623586,264.4621767391454
2,10,11,435.578457689487,274.02649659168037
2,10,13,423.4562175545148,288.2599814390527
2,10,15,418.48557199936033,296.12989057263866
2,10,17,402.0055670483708,318.78247697476735
2,10,19,406.6600457957834,314.7724822370733
2,10,21,399.53013852576635,323.40507357142604
2,11,3,476.64148846998734,193.57246047831427
2,11,5,471.6344013072847,197.88862887583653
2,11,7,428.3560928828761,277.54094381427154
2,11,9,439.5083553545606,266.48638119530676
2,11,11,433.10658568364454,277.84050908122
2,11,13,421.3708001444604,291.55090382966245
2,11,15,417.80316633899025,297.63705885542004
2,11,17,400.4808855268684,321.251676092895
2,11,19,405.3378525805339,316.6340513661224
2,11,21,396.85877459486073,324.7429039783834
2,12,3,474.9761037726564,194.71560366288267
2,12,5,469.3856766135642,195.92359664235067
2,12,7,426.2018823116308,276.4992227858457
2,12,9,434.6344526538751,265.85987328236257
2,12,11,427.15047463538616,279.1714043821313
2,12,13,417.86603507616593,289.86222202374864
2,12,15,414.3106500332907,298.1631708926337
2,12,17,399.0386675203006,320.10629516116853
2,12,19,400.18859113826466,316.5421764563124
2,12,21,395.0199930502268,323.8835383072553
2,13,3,475.6406711348745,197.1947021179439
2,13,5,463.8792783621225,187.35206672586858
2,13,7,423.6839526296436,278.45982507896224
2,13,9,429.45817550624434,256.4353054205108
2,13,11,422.43899473561675,269.79349271300447
2,13,13,412.3762456317317,280.2094922381208
2,13,15,410.2197549266965,288.54317960932684
2,13,17,393.7215855537386,310.7243642675758
2,13,19,396.87164422884797,306.7298407029228
2,13,21,390.7934239826817,315.3330393279253
2,14,3,476.11171525700837,200.64140971414582
2,14,5,464.2980638152785,188.37105431253465
2,14,7,424.640538550518,279.4735550669439
2,14,9,430.651221905187,256.5456644041066
2,14,11,420.87429681240786,271.80432292544424
2,14,13,412.1049219421342,281.66484962806004
2,14,15,410.08302903550594,289.9457255489131
2,14,17,393.8383836987949,311.6010611841683
2,14,19,395.65643533126257,308.8818043769442
2,14,21,389.08948620581594,316.77609146218975
2,15,3,475.56506462796006,203.87541212077272
2,15,5,463.93470063586517,190.84616604866414
2,15,7,424.96832912302136,282.09802006753233
2,15,9,430.5423504449439,258.07459115340373
2,15,11,421.35343074454937,273.9037947935404
2,15,13,411.4961190406984,285.0075436462722
2,15,15,409.74768007084265,291.9581315449182
2,15,17,392.4904903544617,313.46765640827476
2,15,19,394.49359742269826,311.1645774812921
2,15,21,388.3997187705968,319.37313887578233
2,16,3,475.1335665503334,204.00301951520797
2,16,5,464.62587740470565,192.076505021108
2,16,7,423.99148896247203,283.82040148715765
2,16,9,431.69603137208713,260.5078482603053
2,16,11,421.4126132411448,275.58373715680904
2,16,13,413.66358925074434,287.5964024536951
2,16,15,409.7094251117141,294.1612430755458
2,16,17,393.86832434282275,315.58746525516494
2,16,19,394.8196546086708,313.06761988629125
2,16,21,388.02378285344116,321.62985566107517
2,17,3,475.5377245490925,204.72662907509203
2,17,5,464.487225117569,195.72035409410287
2,17,7,423.6378238267456,285.81265078874173
2,17,9,431.2435446367972,261.48508562629894
2,17,11,422.08286504930186,278.8101415552484
2,17,13,413.97949855919467,287.9351819369677
2,17,15,409.43881865481507,295.9248142314258
2,17,17,393.58213254225257,316.740598514334
2,17,19,395.1102952294174,314.4114758727965
2,17,21,389.4245359563987,322.1207342084335
2,18,3,476.6424675393551,205.06626910820302
2,18,5,465.3310628146172,195.94636314283406
2,18,7,425.1208286942314,287.57241279282033
2,18,9,430.97547556808877,263.83936962877624
2,18,11,420.9262161423903,279.7469104312662
2,18,13,414.5962103401859,290.5660418009303
2,18,15,409.65803706107965,298.4850727128863
2,18,17,393.39282407978845,318.26149349399947
2,18,19,395.0989831507357,317.18889117925227
2,18,21,389.96379379809343,324.30533191712254
2,19,3,476.0436195718401,207.08517350493713
2,19,5,466.6146363576116,197.21622797458107
2,19,7,424.7230011677801,286.90998921704596
2,19,9,431.326295466055,263.79775442808267
2,19,11,420.2193823228514,282.5537384247938
2,19,13,412.8371872722303,291.6294752791196
2,19,15,408.30555751680185,298.3508807500565
2,19,17,392.66119322749216,321.46183194968506
2,19,19,392.9497884415789,317.24085329585796
2,19,21,387.79086212384857,326.8441448249038
2,20,3,476.4231388050569,208.554092121539
2,20,5,466.78121976353077,200.37307644182061
2,20,7,423.4546091491187,289.1002753495285
2,20,9,431.09291834881355,265.71560818415026
2,20,11,420.2067792276539,285.42134444785023
2,20,13,413.29117050447195,293.42813646175665
2,20,15,408.2297532749279,300.7870111997963
2,20,17,392.5266096804311,321.1971114695416
2,20,19,393.05848116834676,319.4617249794516
2,20,21,387.8443354063552,327.23864603660775
3,1,3,388.6340625412734,167.0497285378584
3,1,5,354.5226336080328,110.59673830097692
3,1,7,357.0219137960047,224.59802280058096
3,1,9,326.6115936610316,153.15530314102628
3,1,11,319.6388915546772,174.52509479498698
3,1,13,318.55538569633694,174.78795145010116
3,1,15,318.4179211063036,176.9324955378173
3,1,17,303.53233907723643,199.00943660998232
3,1,19,309.325333733581,192.23341959188804
3,1,21,296.2630902336429,211.24902376019475
3,2,3,340.56527982938496,149.87749445394826
3,2,5,301.39505128743076,144.71303603754626
3,2,7,308.66212371373564,207.04766642716115
3,2,9,278.7389387291115,179.43476623785892
3,2,11,278.9398085129663,188.90219074774066
3,2,13,272.94416841918013,197.22577591602715
3,2,15,270.95118803651127,197.5130902872999
3,2,17,261.3399107717127,206.4436236689305
3,2,19,263.94445781151745,205.44540614536257
3,2,21,253.65589064502214,217.41900408602146
3,3,3,340.2912494103229,159.60222908578297
3,3,5,279.045456040682,156.5692576474059
3,3,7,294.1684428904829,220.65544166713485
3,3,9,267.535015435509,181.59841560543276
3,3,11,265.15781218915004,190.9155189519369
3,3,13,250.25501806563244,204.1197843542912
3,3,15,250.61886843156418,203.35955624363504
3,3,17,248.99602674634534,209.5178542261799
3,3,19,245.57024486327862,212.676091196656
3,3,21,235.64166049934016,223.22122368261648
3,4,3,353.3927298920592,179.30277040431008
3,4,5,291.79249813713824,166.1748023681957
3,4,7,298.1673390305091,228.12102334150268
3,4,9,265.70931428883574,196.49026394706354
3,4,11,267.3754345886779,201.9308502383156
3,4,13,253.7758854859194,214.9623505077885
3,4,15,257.4414672043994,212.96138542016467
3,4,17,247.46560553371663,222.11083223834686
3,4,19,246.94469922105125,223.87493930567118
3,4,21,239.38813622589265,231.33955226212868
3,5,3,352.800541761025,190.6956444704976
3,5,5,301.2045926963639,170.92030003958544
3,5,7,303.2979159860284,244.25089316986595
3,5,9,275.52386255446214,204.0501335713978
3,5,11,270.6162701634717,211.9604886940426
3,5,13,259.6095665557713,222.183550367795
3,5,15,262.9745885887006,221.84808316959936
3,5,17,252.14193871701494,231.99847282378533
3,5,19,252.09199411606895,231.71901968682283
3,5,21,244.77953683572866,239.51214734606714
3,6,3,359.25870734156933,200.65856963724136
3,6,5,307.162485026765,186.45609987285033
3,6,7,304.8610420303226,251.56623616404565
3,6,9,283.5876042731474,217.53388550588082
3,6,11,277.0783706705725,228.55373214637746
3,6,13,268.91993771130944,236.1390261632748
3,6,15,269.1603748900554,237.60971078303112
3,6,17,260.98894929347125,247.39722835214138
3,6,19,261.0638844926444,246.35311809883288
3,6,21,254.6108613098343,253.45175364010055
3,7,3,360.92276009537363,206.10994040051676
3,7,5,314.9215849779931,192.64209431351344
3,7,7,309.53454709385795,254.91536287309893
3,7,9,288.9058195471116,224.63858706620272
3,7,11,283.5284114662779,234.5540892482278
3,7,13,274.1823536805879,242.71093203240335
3,7,15,276.03223623753604,244.18566831993047
3,7,17,262.6793362491094,254.84659329200392
3,7,19,262.3720565928694,254.57362329883904
3,7,21,256.6832464318159,261.8713124983567
3,8,3,358.3951996041516,204.17583621014626
3,8,5,322.40770462086584,196.47090917516653
3,8,7,308.30344182414285,261.2193811523616
3,8,9,291.7154358450877,231.07498123432046
3,8,11,285.39290710159327,240.87307026352977
3,8,13,276.06036617943965,249.59913844934104
3,8,15,278.39233421097765,250.54404786216926
3,8,17,265.18868524461465,261.2030201941761
3,8,19,264.59512624474,261.1422524074275
3,8,21,257.46841235197775,268.567457357042
3,9,3,364.040906538881,202.67108601923707
3,9,5,325.0633925693736,198.76573427926294
3,9,7,309.64052975619853,266.8753199586067
3,9,9,297.3211309728805,234.0327563770485
3,9,11,288.27541632416023,246.10024275075318
3,9,13,282.4920082784,252.6268314167127
3,9,15,281.91707583587333,255.5690766339291
3,9,17,267.148763104996,267.1166235505543
3,9,19,269.4760408476521,265.81516547081736
3,9,21,261.5062888039534,273.536952464423
3,10,3,365.4904487424863,202.78507165603472
3,10,5,331.4978143790237,200.96247577910873
3,10,7,312.98867910809594,268.0847653650006
3,10,9,301.7607006141113,240.613282931866
3,10,11,293.6790654732422,252.505015292701
3,10,13,287.90730152715076,259.63172324992684
3,10,15,287.12278827709366,262.07386825748017
3,10,17,270.8691757838807,274.322542735703
3,10,19,272.88690095163446,273.25074172447614
3,10,21,264.43737020313233,280.9764213693834
3,11,3,370.40473071590696,206.6802777043238
3,11,5,337.83992599297153,204.77842582928884
3,11,7,318.09638789891403,270.6379696686628
3,11,9,306.40657800559575,243.01233610792713
3,11,11,295.7758852486344,255.42349628096355
3,11,13,289.92271353053945,262.3774613398543
3,11,15,289.058879261244,265.0216795654915
3,11,17,273.38350198915975,277.3122712126332
3,11,19,274.64262733054153,276.5322213773142
3,11,21,266.72168029444896,283.9480620278062
3,12,3,375.0078045132737,207.81842075378978
3,12,5,341.33287576871476,202.53633147054367
3,12,7,321.1101307324701,267.8868063166775
3,12,9,313.4788500220961,246.01329937514961
3,12,11,301.06919307142255,260.4321604475757
3,12,13,294.1029269280708,266.4839524993791
3,12,15,292.1774926529073,269.6788874792218
3,12,17,277.1849586834491,282.1916624114413
3,12,19,278.4221416637906,281.2753137092572
3,12,21,270.0481213991598,288.818164853759
3,13,3,376.62891335612494,211.3687856010981
3,13,5,345.5465828007942,203.6460872466071
3,13,7,322.32018820021466,268.8478974064097
3,13,9,315.954029667104,244.80720629498137
3,13,11,304.4295022938948,259.1775313651112
3,13,13,298.53003692097406,265.6188895216303
3,13,15,295.5620685764174,269.40206342355685
3,13,17,280.1500661226302,281.94554881733626
3,13,19,282.2968576581647,280.6535662358873
3,13,21,273.78920158627096,288.47654896452093
3,14,3,380.06231717536986,213.32423558249428
3,14,5,346.8179977306684,204.296964309823
3,14,7,321.2764199623826,270.2883650488813
3,14,9,318.1837929890588,246.80706325238367
3,14,11,306.3876297770045,261.1626823377853
3,14,13,300.6263979750687,267.0173275724337
3,14,15,298.25661917588167,271.01033380171685
3,14,17,282.14722914594876,284.3197969889416
3,14,19,284.2356194117315,282.20259891789647
3,14,21,275.6896348646138,290.1349802207448
3,15,3,383.17581980651875,215.6991229307051
3,15,5,353.0099591372121,207.3181100558886
3,15,7,325.0902602735978,273.03449725372724
3,15,9,319.055718197151,247.73648204135984
3,15,11,308.08472600365,261.17647526774
3,15,13,302.92325861694263,267.2810191395663
3,15,15,300.21311047674436,271.0879339439321
3,15,17,284.25894579191873,284.47627894297284
3,15,19,287.0044360962425,282.1426736078437
3,15,21,278.09406352138643,290.5477306976673
3,16,3,385.9039833203166,216.5267198793542
3,16,5,358.03941793142326,207.62693399008222
3,16,7,327.83261645917077,274.5901018689947
3,16,9,325.11905521367225,250.27936101686186
3,16,11,313.42322687464963,264.2098671811732
3,16,13,307.29710100450455,271.13653201721013
3,16,15,303.81745363966695,274.77246994194917
3,16,17,287.8606127937597,289.25515470462057
3,16,19,291.33066663162043,286.0532560172663
3,16,21,282.0203262329872,294.57366623487803
3,17,3,388.8519194291469,217.01520550474527
3,17,5,362.45481700622724,208.5931734183567
3,17,7,330.68685806407063,275.93077261927766
3,17,9,328.3540733643386,252.1431100895596
3,17,11,316.85277893256944,266.2689955762964
3,17,13,311.03059452889835,272.7947936544176
3,17,15,307.7793758530642,276.3348671518632
3,17,17,292.2216930709775,290.9648913733729
3,17,19,295.12434217705106,287.81364407000166
3,17,21,286.2236033759054,296.5642600309818
3,18,3,391.3204085166326,217.51267839333312
3,18,5,366.1260644932728,209.96414745114492
3,18,7,331.59257498307136,278.62462813489685
3,18,9,331.8007357542224,254.25838609277585
3,18,11,321.0077335242871,268.66712638486143
3,18,13,313.3214426094431,275.4895493627412
3,18,15,309.8123967597116,278.9521184320979
3,18,17,294.36690775067854,294.2667188186974
3,18,19,296.8030205470672,290.72318031187257
3,18,21,288.15193264581546,299.36528385055357
3,19,3,394.05443624840683,218.717660464398
3,19,5,368.5548480625315,211.88400251413836
3,19,7,332.9459172031795,280.2141309855222
3,19,9,333.8721269350051,256.11454197446517
3,19,11,323.21899695572165,270.52262786088244
3,19,13,315.371001843304,277.9217141650721
3,19,15,313.01260250239824,281.1916723001732
3,19,17,297.502576861692,296.41814479189907
3,19,19,299.92133765048976,293.02523933698745
3,19,21,290.832156158602,301.91038378754246
3,20,3,395.98732932302454,220.46422552042614
3,20,5,371.94513315240863,213.32694622077796
3,20,7,336.0154101079617,281.39863260329605
3,20,9,336.69994194266206,258.1654859396845
3,20,11,324.93760526537017,273.0438695751567
3,20,13,316.8722375219647,280.3618764212065
3,20,15,314.1724149018151,283.51071377103705
3,20,17,299.8979708542334,298.85584078033446
3,20,19,301.6736003757426,295.5013215669871
3,20,21,293.2965402803852,304.13912444301513
4,1,3,534.1785890417754,179.94717305890612
4,1,5,544.5706582983255,152.25490055684625
4,1,7,525.1143282957894,226.8358851730983
4,1,9,522.7351691231015,221.5576785441974
4,1,11,480.46393297068045,272.3721501029911
4,1,13,478.73226834080805,277.0488382678112
4,1,15,474.7448518795735,284.3001651472715
4,1,17,456.3151519950022,315.0096447897465
4,1,19,453.9325166730554,315.81937846600096
4,1,21,447.955870343291,325.1547465440015
4,2,3,489.14010508935445,189.30603899700867
4,2,5,508.8150527352318,183.9494400348186
4,2,7,466.6751693835583,263.0181906552728
4,2,9,474.9434839360634,264.27621950757265
4,2,11,471.0880358104523,265.00245620792526
4,2,13,445.45361113916886,287.79422875521834
4,2,15,460.2409785966117,285.7188544406335
4,2,17,445.5634840037927,310.5363065309793
4,2,19,437.4116201644359,316.3583409499771
4,2,21,433.32843951439713,325.2938421420888
4,3,3,460.12870180614937,203.63856610686327
4,3,5,476.49579018908696,209.79282133079312
4,3,7,433.07059345712685,281.53909797226686
4,3,9,439.4863218029179,277.78329601938583
4,3,11,434.0266569758942,285.91409948536216
4,3,13,419.9771872347744,297.3245424202719
4,3,15,427.07248071909737,302.31528210547765
4,3,17,408.09296961610966,325.88254302541395
4,3,19,407.1060060816116,324.57995279585765
4,3,21,402.4524386601452,332.4426706138413
4,4,3,448.4435559833533,207.07277317467012
4,4,5,458.1055569074609,204.63281512368567
4,4,7,410.1060199133248,277.12026086417814
4,4,9,420.185856184424,274.32092814353655
4,4,11,411.37802149754685,287.09643404205485
4,4,13,398.82248784914566,292.4292268024132
4,4,15,404.26670053743965,298.7013033157487
4,4,17,385.74151699606557,321.6652857733904
4,4,19,387.3575641515122,319.5254702362331
4,4,21,379.27851905189294,328.18448665544827
4,5,3,446.2935139375043,210.68771615956643
4,5,5,448.29290137905684,202.98420335217222
4,5,7,401.26915148427935,276.27494388527276
4,5,9,412.91564233226393,269.2010025766671
4,5,11,401.6777950088163,283.59658677631586
4,5,13,389.39371850876927,292.34302156184566
4,5,15,393.1344241902081,297.4903983310353
4,5,17,375.92583715162357,319.5193502915423
4,5,19,376.1895579467359,316.3955884877426
4,5,21,370.6077358726593,324.81646711424696
4,6,3,448.19885070724513,209.98936888708934
4,6,5,440.6055451141589,200.82355122483722
4,6,7,395.7416558460659,274.17139295690896
4,6,9,406.0861871574893,265.7771631527155
4,6,11,394.9739910687153,280.93027196476424
4,6,13,387.9573207761741,288.56626411426737
4,6,15,387.1108710367584,293.88738220396635
4,6,17,369.4429798831432,315.8745150511968
4,6,19,370.3488660974481,312.881716943085
4,6,21,364.3506612201571,321.0725297637808
4,7,3,448.7612277105439,217.0800654558077
4,7,5,439.76587728228617,204.1547204632585
4,7,7,396.35022962522817,277.6919406943739
4,7,9,404.2000116715809,268.20516661067796
4,7,11,391.2050621664744,285.7532704905182
4,7,13,387.3990123816883,291.9988300912782
4,7,15,383.29678287356904,297.62999144521626
4,7,17,367.30935108776225,318.12403833122846
4,7,19,365.6456812707876,316.2939337609729
4,7,21,361.00284940582645,323.4613579258215
4,8,3,445.8692743410127,214.80871088978662
4,8,5,444.199214352402,210.1234191617072
4,8,7,399.5966374655541,283.2036243416419
4,8,9,409.16661170416427,271.1078889362015
4,8,11,395.3775985940663,288.72373210158906
4,8,13,389.7255304810881,297.81265811362846
4,8,15,387.4309589186223,302.0108895886709
4,8,17,369.45631911495013,322.73013384254944
4,8,19,369.47998176763787,321.07905842025974
4,8,21,362.91119833198945,328.66053168917665
4,9,3,446.1786628982666,215.73719761533914
4,9,5,441.79883213635566,206.73661900322207
4,9,7,400.2757945767961,287.2214953635766
4,9,9,409.0941968020643,274.5751436611233
4,9,11,395.85304128988065,294.4130503653222
4,9,13,392.87077811560243,299.9015548666624
4,9,15,388.29313582509513,305.23088465377316
4,9,17,371.3639093366003,324.84402692679373
4,9,19,371.6492846382276,323.0071591903008
4,9,21,365.6707918185436,331.1555531148311
4,10,3,441.98443026185663,214.17083237422534
4,10,5,444.3129649990818,207.67399480287236
4,10,7,402.4839578442417,291.17392014745496
4,10,9,413.7465359361254,276.6382027651609
4,10,11,396.05988387796083,291.34175389338526
4,10,13,394.73655423791206,303.63078281952545
4,10,15,390.9537489757669,309.2912846784132
4,10,17,373.54361620846777,328.8024748131438
4,10,19,375.0089777150938,326.5072987903555
4,10,21,368.190388727529,334.4887710842926
4,11,3,444.16504068687055,215.232252607389
4,11,5,442.0642772226114,204.6506536044002
4,11,7,399.8930024042082,287.1808722164876
4,11,9,412.2555411724351,272.9376013141611
4,11,11,397.16687687007357,292.32903677470574
4,11,13,393.51285296903774,298.26083257596105
4,11,15,390.8949478740631,305.33173740176017
4,11,17,373.53664341889714,324.6779603017423
4,11,19,375.4150561570787,322.793927812641
4,11,21,369.524688949733,330.494926497737
4,12,3,446.331562072593,214.8208067337606
4,12,5,445.21850969634517,206.57752206309686
4,12,7,399.27139579607973,289.08142468287616
4,12,9,413.0439997032433,273.0986191936265
4,12,11,397.89485270070725,288.4793080917886
4,12,13,393.4136361136326,299.9496196146955
4,12,15,390.9146280644284,305.86129825695275
4,12,17,373.37502139156913,325.74757578880514
4,12,19,375.1243097627663,323.40097420945335
4,12,21,368.6570493703237,331.3825675189995
4,13,3,447.02005587946627,214.99797183804543
4,13,5,443.11907940399414,207.0374225095398
4,13,7,397.9546111289327,287.4164319201826
4,13,9,410.3310626737749,269.7516271261526
4,13,11,397.10876593142734,292.02130354051474
4,13,13,391.68762325669763,298.15186562506733
4,13,15,389.2455449484351,303.64526658069695
4,13,17,372.58830542799774,322.6233148407559
4,13,19,374.09290414110075,320.8986699960168
4,13,21,367.82016407339626,328.1703331323382
4,14,3,447.7538198612437,214.10542598732076
4,14,5,443.4804290839701,208.69434648089802
4,14,7,396.7590029926999,291.2218505024397
4,14,9,409.91137233690534,273.59968228982785
4,14,11,396.566018856775,291.72212707711196
4,14,13,392.77787667487917,300.77991597975307
4,14,15,389.37990685878395,307.1069259318059
4,14,17,374.09726451961524,324.47353019713813
4,14,19,373.0724223902693,324.3302802577216
4,14,21,368.5208376185198,331.66477408925596
4,15,3,449.5353959788319,214.60557829898494
4,15,5,444.6580257302945,209.45587962146143
4,15,7,395.74065763921925,291.5068493994359
4,15,9,409.1612679689612,274.02424214021835
4,15,11,395.44357596191475,293.55434564754967
4,15,13,389.6086439610536,301.9556581170005
4,15,15,386.5532521975834,308.85026277445695
4,15,17,371.78042213208255,325.55485621270816
4,15,19,372.654078071897,325.2202658406675
4,15,21,366.6015259673046,332.4750474236406
4,16,3,444.9115018217926,211.643731555444
4,16,5,447.91630238069257,210.5770808003146
4,16,7,397.9277844930733,291.6621234493116
4,16,9,409.88213611148785,273.9171185592323
4,16,11,395.75462027051884,294.1474423210009
4,16,13,389.9605502622911,302.34895717871086
4,16,15,386.1000078010733,309.68073907233367
4,16,17,370.57195771645263,326.0739341712093
4,16,19,371.50961243511324,326.1523819591406
4,16,21,365.8113351537526,333.4843844390937
4,17,3,448.5378111289456,212.57356051701268
4,17,5,449.405074084184,210.97478920416685
4,17,7,399.19759668850963,292.59178376371455
4,17,9,411.9393491655831,273.68476263345826
4,17,11,397.04102900471304,295.5236078625268
4,17,13,390.6546035870448,303.28313246423903
4,17,15,386.75967104044156,310.0048270498185
4,17,17,371.1904565557301,326.48499466335454
4,17,19,371.1809183808249,326.57306832693126
4,17,21,365.3620744685201,333.8937930219093
4,18,3,450.3178539028674,213.45740538889874
4,18,5,450.1086867046405,211.78744021118786
4,18,7,400.905712915097,294.2784794690908
4,18,9,413.2410221575671,275.331470843169
4,18,11,398.25339449907386,296.19402200330507
4,18,13,392.55708531195154,305.1680157976758
4,18,15,388.1184514710049,311.5090116291713
4,18,17,372.2240683274784,328.7000383361336
4,18,19,372.4847447724136,328.1160797617341
4,18,21,365.92235205437476,335.8814331803671
4,19,3,450.9538501072869,214.53932422760374
4,19,5,451.4995161948299,212.35190014075496
4,19,7,401.7614351581856,294.684820336149
4,19,9,415.3955420585348,274.7600252440117
4,19,11,398.44953965416875,296.3132693158035
4,19,13,394.1184090746247,305.5612531651762
4,19,15,388.40941810268754,312.03141071593024
4,19,17,373.8952394231502,328.8482432153277
4,19,19,373.030304303942,328.6264387092258
4,19,21,367.35513356954596,335.8286513684663
4,20,3,451.481893164924,214.89372942210133
4,20,5,451.83045877211646,211.70216292757493
4,20,7,402.08101758612855,294.2562738265661
4,20,9,416.16690072995993,275.2555891543344
4,20,11,400.2619334380222,297.71019243365686
4,20,13,394.2402561521437,305.2230849620299
4,20,15,389.7862378774461,312.2339449104848
4,20,17,374.46180904132825,329.64261491628395
4,20,19,375.43727233867247,328.53312840870166
4,20,21,368.2976541441436,336.5483016757133
5,1,3,384.36631343686037,172.82883421768096
5,1,5,353.4353083731054,121.95947462855678
5,1,7,346.971925576671,228.8385105555529
5,1,9,327.4410700142988,160.41016560354046
5,1,11,316.0167986460258,184.46564893723018
5,1,13,319.0001535260262,180.96618040712207
5,1,15,316.25321826508156,188.3079269219514
5,1,17,304.7748977838456,203.99778717283408
5,1,19,306.48492592601696,201.91759461098155
5,1,21,295.64681246713485,216.83879209890793
5,2,3,333.3382567986398,155.35550932618958
5,2,5,297.34794334402034,148.35781402220655
5,2,7,298.2503345482252,211.93176774001674
5,2,9,271.35797506319,180.05509451957596
5,2,11,265.85726879727645,191.98495311120845
5,2,13,262.83646970014803,198.49540323887413
5,2,15,256.54662711994786,203.49248935293951
5,2,17,248.1225183029524,210.52795266677205
5,2,19,249.31505421953136,209.35306497687455
5,2,21,238.24413828466464,220.72110696436758
5,3,3,332.55967133222333,163.99432462070945
5,3,5,275.05195379381183,159.21894579496714
5,3,7,287.21892691195745,223.93558922047214
5,3,9,261.5120034547471,183.71613155408596
5,3,11,252.57766820846052,194.37229942641056
5,3,13,244.50995584486103,202.832757056707
5,3,15,244.58683333741686,203.86573193025978
5,3,17,238.29848614305632,212.88891173409385
5,3,19,237.15559443241315,213.38783749382853
5,3,21,228.63556432302076,222.07779845367907
5,4,3,342.11264378477995,183.68793850527948
5,4,5,286.7434636782451,170.281174052703
5,4,7,293.66362324653045,230.10099397924427
5,4,9,266.8620682682325,196.49700331878105
5,4,11,262.17092062767364,206.61531513735954
5,4,13,256.543283723861,213.8589425702996
5,4,15,254.41777118034796,216.53141002822707
5,4,17,246.80461155855664,225.22811991979512
5,4,19,246.17902442644152,225.5317186526148
5,4,21,239.65378701099795,233.11327898477128
5,5,3,344.2588430218825,195.80223061226818
5,5,5,293.67844403429524,176.51918984310572
5,5,7,296.99786969290415,245.2495677744099
5,5,9,270.89310950499765,205.8807333995477
5,5,11,263.5130717495001,215.52010366243152
5,5,13,257.90456233679845,221.51752472142846
5,5,15,255.13278233824585,225.5756039976468
5,5,17,244.27461966404803,234.18609580921284
5,5,19,245.72908664475443,233.86095584350883
5,5,21,239.2479717952577,240.38080776780484
5,6,3,357.66777762975084,201.48638724154452
5,6,5,306.4230957060862,187.52695732586102
5,6,7,301.1538086220111,252.4352321784471
5,6,9,279.0944743382777,218.4067120890493
5,6,11,270.18123137539175,231.74655018625106
5,6,13,265.81960315804,236.1263784340265
5,6,15,262.2355998170486,241.38869034658626
5,6,17,252.0306661721131,249.97241789630914
5,6,19,253.8048233864922,248.58645302778976
5,6,21,246.60432094668045,255.4394262769593
5,7,3,358.0847856582797,207.27959947180207
5,7,5,313.4799915691136,192.24237802072835
5,7,7,304.6424024955818,257.2792935231252
5,7,9,285.4097387487351,225.67043789502668
5,7,11,275.3228497438845,239.07377932346506
5,7,13,272.349764270887,243.2828752296586
5,7,15,270.39883910583364,247.82359594598066
5,7,17,257.8837743800189,257.80803984150754
5,7,19,257.1920312928565,257.04687119134377
5,7,21,251.32454767007744,263.5058111229453
5,8,3,359.05911455332983,201.8115261007049
5,8,5,322.21784421729575,195.6449729906457
5,8,7,311.37437223884024,262.6325532604605
5,8,9,293.4841989682645,230.25085261951548
5,8,11,282.52353255354365,244.08761674390848
5,8,13,277.33392364532904,249.42169691235583
5,8,15,274.4219550796041,253.35823949783975
5,8,17,262.40463192190884,264.50028403432907
5,8,19,263.2369387679275,263.24470009361045
5,8,21,254.6605102507276,270.99246638285524
5,9,3,360.2331611200387,199.04719261563108
5,9,5,325.5494593268836,198.25179242788377
5,9,7,312.0570433082466,265.93822650555245
5,9,9,298.3165812299376,238.25809372003087
5,9,11,286.25030657909883,252.47538697877405
5,9,13,282.21534712455326,257.02993326150164
5,9,15,278.98430658814414,261.5644003020421
5,9,17,266.6864276836327,272.77510524438054
5,9,19,266.85489354552317,271.29888028245654
5,9,21,259.0347970473423,279.41477155103837
5,10,3,361.8806853060596,202.06037904412884
5,10,5,325.83806512093304,202.79429216667677
5,10,7,312.56131289898514,268.82302814634437
5,10,9,300.84736758903205,241.26887909739946
5,10,11,285.9922521909173,257.11049616649166
5,10,13,284.5418665942465,260.4543352368447
5,10,15,281.0957606912668,265.52292291858674
5,10,17,267.99165855607293,276.87145297504094
5,10,19,269.34387363925134,274.9378466129421
5,10,21,261.2412242134363,282.783944407119
5,11,3,363.89643522021794,207.50205944712806
5,11,5,333.2747327748212,206.03477730049104
5,11,7,313.74933161946905,271.9232279659514
5,11,9,303.85303286730755,245.1240323845372
5,11,11,288.89930243247386,260.6633494198391
5,11,13,287.2903546097413,264.2934531094175
5,11,15,283.4783308157187,269.66231784289647
5,11,17,268.60134840082753,280.77416540547836
5,11,19,269.6175336051791,279.65542461052877
5,11,21,262.51768515636854,286.85435141820074
5,12,3,367.68167827413464,210.88455244140866
5,12,5,332.66569604662226,207.3774017900969
5,12,7,312.5267614423409,270.84107014758877
5,12,9,304.4467069924261,249.98316356909402
5,12,11,291.30099959122794,265.1451474548804
5,12,13,287.93164494712255,268.4762773821632
5,12,15,282.4380764193758,274.77767751603517
5,12,17,268.0784728292653,285.5069378973026
5,12,19,269.6085119300594,284.15213061174074
5,12,21,262.49916329592406,291.15166382631736
5,13,3,370.7715553421812,212.8319399373107
5,13,5,337.27745836775114,205.957350671498
5,13,7,312.1950642021519,270.4524255738905
5,13,9,304.73468449234446,249.488438893879
5,13,11,292.3147530978022,264.843538567927
5,13,13,289.6871673467364,268.4992910101471
5,13,15,284.22366309140347,274.6867137084664
5,13,17,270.13938941970804,285.5448155111847
5,13,19,271.45745536521224,284.4405901129799
5,13,21,264.29152011994665,291.4673806049296
5,14,3,374.9280635243042,213.79973299174168
5,14,5,341.7384626285789,206.60747213067933
5,14,7,316.0535438048588,270.7018046654991
5,14,9,308.93649831300945,249.21145297856805
5,14,11,295.3418232421149,265.1823131885608
5,14,13,291.79919176202804,268.4879625536377
5,14,15,287.30463826370004,274.18563657298995
5,14,17,273.3634064565469,286.4389936153582
5,14,19,274.39288626505623,284.29753823251974
5,14,21,266.30790345224074,291.64840189499677
5,15,3,375.51612764889205,216.42565047122073
5,15,5,346.8090711739622,210.6564826527903
5,15,7,317.84774544245727,274.59212567945485
5,15,9,311.8796845888434,250.29421781472928
5,15,11,296.6426172848444,267.4644417911718
5,15,13,293.693219034419,270.55240197091194
5,15,15,288.62801861540163,276.16847571815293
5,15,17,274.3377400363293,288.5210019782052
5,15,19,275.7099202978948,286.5107595764397
5,15,21,267.91222490950884,294.18039925943754
5,16,3,378.1546021261547,217.941020364682
5,16,5,351.4223496011964,211.8760286836738
5,16,7,321.0476112109319,276.14447055238503
5,16,9,317.01057964103603,253.6055786841174
5,16,11,302.4049434668284,270.4205673032037
5,16,13,298.12299445721135,273.80275731891254
5,16,15,294.0557967693374,279.3421013131956
5,16,17,279.01313249915313,292.36797130498945
5,16,19,280.1192702960862,290.3138598245543
5,16,21,272.2317137954039,298.04263285760373
5,17,3,380.9204504340467,218.1836703508469
5,17,5,354.435405415485,212.89445619143797
5,17,7,322.3832966249999,278.2565561520276
5,17,9,320.400109185455,255.53811356123973
5,17,11,305.52047789910506,273.22764166947684
5,17,13,301.8635113663163,276.45621144237043
5,17,15,296.97611206000056,282.15363138543825
5,17,17,282.01646921645505,295.4064471944967
5,17,19,282.60710957202417,293.3545299961837
5,17,21,273.68523424396824,301.521924291174
5,18,3,384.4791370443184,220.61416236262167
5,18,5,357.97457750015104,214.30427711208816
5,18,7,325.7051764355557,279.6414052832933
5,18,9,323.4153397937491,257.1601203586078
5,18,11,307.918357519778,275.17211261738134
5,18,13,304.5394606815624,278.3106080897404
5,18,15,299.3535563001946,283.77396162883537
5,18,17,284.67048545862303,297.902638688178
5,18,19,285.52192808767575,295.5350342141882
5,18,21,276.6002046536178,303.97482491892464
5,19,3,387.1598598940438,221.01038666724517
5,19,5,362.1149272906835,215.4143490073691
5,19,7,328.31078502074837,280.6496607041201
5,19,9,326.99284448850744,258.79973436849843
5,19,11,311.60748547909293,277.1786166086657
5,19,13,307.2972897216712,280.5771186050634
5,19,15,301.9954162269553,286.308087686088
5,19,17,287.07387715537743,300.44579147847855
5,19,19,288.4761342734477,297.9559471979656
5,19,21,279.4056523287741,306.5029165596889
5,20,3,390.9969339608239,222.1118242230575
5,20,5,365.3941192306796,215.63249919229736
5,20,7,331.1300824233384,281.3301043393073
5,20,9,330.87209846642793,259.8115334791931
5,20,11,313.90332924403987,279.50340286466206
5,20,13,310.36885156720496,282.374833643702
5,20,15,305.50013614772047,288.1629300830832
5,20,17,290.4269883660815,302.5307098336961
5,20,19,292.27240606184097,299.9273149475638
5,20,21,283.6593635797248,308.6574615106377
6,1,3,327.1179035221858,142.0585416197264
6,1,5,320.9727071595678,134.75223252058473
6,1,7,300.0522759363506,193.19247460460574
6,1,9,309.7285197878174,159.62121412177487
6,1,11,299.0735470351286,177.34008935638863
6,1,13,292.4364019571769,189.4155088170063
6,1,15,287.7149185705753,194.16891057472452
6,1,17,285.90416450784244,198.84330453065675
6,1,19,284.45114540372174,207.33081638401018
6,1,21,274.2443478949122,215.607352334549
6,2,3,323.4642073270475,155.44458881539725
6,2,5,264.34825605161825,139.72145739601407
6,2,7,281.749791226798,216.9848315590303
6,2,9,243.5514612813088,158.8266104766938
6,2,11,242.9251786717755,166.1981819248328
6,2,13,239.2773943859737,172.57553216457484
6,2,15,234.1359925682574,178.13352182439655
6,2,17,220.74838200351863,188.35722255546327
6,2,19,220.11350408717172,188.4774062038595
6,2,21,216.30010902205547,192.69939319285533
6,3,3,326.0127332154755,163.87944870429212
6,3,5,271.2231262960919,166.68355113134857
6,3,7,279.6621256744835,229.69415184012456
6,3,9,249.61945937425526,188.41998939646754
6,3,11,241.083006643899,196.87264585681694
6,3,13,236.06356754740003,204.57960372663558
6,3,15,231.63839945056088,209.07930528441847
6,3,17,223.58634389165982,217.20836312431464
6,3,19,225.90561844753995,217.1519627061215
6,3,21,218.752739512035,222.4693673821711
6,4,3,326.2949720656089,181.59249888174114
6,4,5,268.7935102429659,180.54253984621667
6,4,7,283.0112719839179,240.86149236746633
6,4,9,257.1832642076275,199.6769920824159
6,4,11,245.8008031074766,208.93888549681802
6,4,13,240.59028722436943,216.44550457378693
6,4,15,237.08311276345302,220.1241369404608
6,4,17,227.9762336091544,229.01827237086528
6,4,19,227.5383893383356,230.15769976112833
6,4,21,221.52586519231386,235.1489155383999
6,5,3,332.4377497778282,196.28820850602847
6,5,5,274.12662379088215,193.08098825253353
6,5,7,271.80070057274753,251.20673678765814
6,5,9,253.86650163339124,217.75478930224702
6,5,11,248.40616116182318,224.73963587011855
6,5,13,243.064127772259,232.38401137397688
6,5,15,241.91029118797601,235.689404601679
6,5,17,229.6964387753585,244.92624851455204
6,5,19,226.86167211271513,247.14849525643976
6,5,21,221.47194893860683,250.38294101447195
6,6,3,338.62021429913017,207.90766252164642
6,6,5,281.9815181452556,193.0861987073761
6,6,7,275.19485489153,258.18060642903765
6,6,9,259.7321779258026,221.33632725052863
6,6,11,254.6269561799535,228.01066451697292
6,6,13,246.08790184258626,237.85260108496414
6,6,15,244.63245768224397,240.01880601327434
6,6,17,232.45239704157854,249.89398132021657
6,6,19,229.0399608294781,252.66985781152528
6,6,21,224.0573323495045,255.68551811803658
6,7,3,337.27270777101876,215.66750926102054
6,7,5,291.2847365041035,197.3061628979235
6,7,7,278.58686934336197,265.7251471267028
6,7,9,266.07423375941175,227.65547429376218
6,7,11,261.0499120954967,236.8677528042997
6,7,13,252.72222831038198,246.20243896353026
6,7,15,249.26638559804283,249.64864254308924
6,7,17,238.57940121081788,257.7824804555962
6,7,19,234.11934040426792,261.15018535289465
6,7,21,230.78983796592712,264.31950279839924
6,8,3,341.88189683934644,215.72034915867513
6,8,5,299.59563824887846,204.32480928993823
6,8,7,286.18453832039154,272.52829944971745
6,8,9,274.18675649413063,235.2987839264709
6,8,11,268.1835247989923,245.1785864399409
6,8,13,256.8904426854359,254.83867952858208
6,8,15,255.1880283123391,257.6122406809864
6,8,17,244.99632411935025,267.3845880827605
6,8,19,239.8122677536358,269.89034928467447
6,8,21,235.18529928200107,273.789601389689
6,9,3,341.62156556202746,213.13778029376985
6,9,5,307.43504460756435,203.6335309990038
6,9,7,287.55250822706336,272.7613928323142
6,9,9,279.96245356929126,242.6415050254536
6,9,11,269.85170428570046,253.68364365916725
6,9,13,262.3925057062856,263.0834501222685
6,9,15,259.7436113339287,265.93080571839613
6,9,17,248.74910026834533,275.2404481166978
6,9,19,245.76197691971328,278.0749821886148
6,9,21,240.65648914927402,282.4084462965514
6,10,3,342.19320888542416,211.87748278883657
6,10,5,309.7645378783119,207.22305199546273
6,10,7,290.71541406562045,275.7874748308834
6,10,9,284.1692793032636,244.9690665857183
6,10,11,275.415478759388,255.82274283515994
6,10,13,265.54291598898567,265.3474064766403
6,10,15,262.667311563704,268.6838049742934
6,10,17,250.336612762938,279.3378661568519
6,10,19,246.4544585481387,281.18874951180413
6,10,21,240.75974538042215,285.7253020626394
6,11,3,345.6108362473751,212.432652346032
6,11,5,314.6399543761952,211.97338734053127
6,11,7,293.35208822912426,279.8832192832377
6,11,9,289.2348649663917,247.32424326342635
6,11,11,278.5569032055916,259.45478088986454
6,11,13,268.58132028968055,269.5148415204057
6,11,15,265.2059783361646,273.0689777766784
6,11,17,253.6289683907776,283.144393434388
6,11,19,251.4254697597676,284.61492361352913
6,11,21,244.8731946569412,289.75249457045004
6,12,3,349.3396122060065,215.79287459731376
6,12,5,318.6154113370129,210.96365783623784
6,12,7,295.95862678299443,282.01224945122254
6,12,9,292.85857645773916,252.1853500199934
6,12,11,282.62041099071024,264.3315383553612
6,12,13,272.3657708541201,274.02432818700134
6,12,15,268.96385366330236,277.8696903180009
6,12,17,256.3307352644562,288.45868017621723
6,12,19,253.41151851835752,290.1412571606392
6,12,21,248.5060788474689,294.63659506037334
6,13,3,351.7700593916176,216.88626066786415
6,13,5,323.20582423170333,210.2423047966299
6,13,7,297.20476546498037,279.5795023138272
6,13,9,296.73897684468153,253.60122460822492
6,13,11,283.3759911800496,263.915775282265
6,13,13,274.34028063946374,277.15484377768564
6,13,15,271.18500768500394,281.27870241597776
6,13,17,259.5494533231572,290.67693382061816
6,13,19,258.1587266785291,292.80874123615786
6,13,21,251.64977214220085,297.7840399517579
6,14,3,355.1760095504714,220.71393751958766
6,14,5,327.5188341741427,210.00857871636256
6,14,7,296.31588909705835,279.5886753024689
6,14,9,295.42144491319993,254.41040699930136
6,14,11,284.56313746169417,264.5288268275865
6,14,13,276.49015694278035,276.67453143708184
6,14,15,272.6534406082817,280.83797270808805
6,14,17,260.447682196214,290.8036729854744
6,14,19,258.6553615109467,292.5402394569119
6,14,21,251.6452242092969,298.0704059383947
6,15,3,358.15951318655533,222.9644612220302
6,15,5,331.26033195346383,213.14531839411188
6,15,7,297.3396234605911,280.59655677355255
6,15,9,298.2850800239298,254.14824865059646
6,15,11,287.5931905025556,265.91817976613703
6,15,13,277.29818819697954,276.9107058996234
6,15,15,273.5741403175265,280.97978559508374
6,15,17,261.5927293241043,291.6111100170251
6,15,19,260.3885592075943,292.6491688337289
6,15,21,252.28123221595882,298.7694678261831
6,16,3,359.6091000861033,225.56942469166665
6,16,5,334.2821026783614,215.53829725971147
6,16,7,299.7135919854622,283.12362646892154
6,16,9,301.3281031251952,255.30118270800415
6,16,11,289.2861524155826,269.49100117671475
6,16,13,278.3371619498286,278.29696940760425
6,16,15,275.0695163609781,282.17431327809265
6,16,17,263.4609193032571,293.0190194967622
6,16,19,261.65683650626596,293.7935438799293
6,16,21,254.02888192067746,299.8698579454588
6,17,3,360.56257690228875,227.03671999536522
6,17,5,337.116839042049,219.03855742415132
6,17,7,300.586999952752,284.69985720587806
6,17,9,302.6892896201276,258.8158034725813
6,17,11,290.3412556682783,272.29721697772766
6,17,13,280.4741138716849,281.56670468397306
6,17,15,277.0802057705419,285.3316199697092
6,17,17,263.7951546748628,296.51036617663084
6,17,19,261.68911741100254,297.4277685101404
6,17,21,254.5514627302751,303.55032328714407
6,18,3,361.16179201276594,226.59571254515356
6,18,5,338.7577651787301,221.82541400999153
6,18,7,301.8401572765469,288.0125537594854
6,18,9,304.9772577965616,260.9562184383709
6,18,11,294.4977417665225,275.92583826338887
6,18,13,282.43979598118136,283.76595792451894
6,18,15,278.6384081823065,287.68947289558895
6,18,17,266.69587016946207,299.0771668546208
6,18,19,264.35296603455294,299.60398516128544
6,18,21,256.4294603199961,305.8581485191992
6,19,3,363.3476424612086,229.6739716356627
6,19,5,341.569676042615,223.44965404965828
6,19,7,302.4957455137437,290.5740306798201
6,19,9,306.6893412327387,264.3086057583275
6,19,11,296.3127956845437,278.49800565100173
6,19,13,284.61078900560904,287.7337042580639
6,19,15,281.2586439748214,291.27251194780285
6,19,17,268.824160796506,302.958507576535
6,19,19,266.38094862179963,303.6677728573765
6,19,21,258.69836479762665,309.95275403654085
6,20,3,365.333718434621,232.71174106594316
6,20,5,344.15263865653947,224.40300298227473
6,20,7,304.983816643121,292.0904096014324
6,20,9,309.91148375453537,266.0176463663036
6,20,11,297.78979483749396,280.77302049954403
6,20,13,286.7311063036645,290.0928675811772
6,20,15,282.66479886949895,293.8083378821219
6,20,17,270.38189409230205,305.3298731741294
6,20,19,268.6732578026287,305.9889808129562
6,20,21,261.01926026156576,312.2395286734555
7,1,3,358.13391318854946,123.99162936680935
7,1,5,352.26971651006187,124.33183838619226
7,1,7,324.1338829373926,166.7460286644291
7,1,9,335.22751308325223,156.95577775666266
7,1,11,325.4006880168184,175.04315774061345
7,1,13,327.34530896049006,174.6203056221371
7,1,15,322.7685064006841,180.61672533298483
7,1,17,314.03879929724945,198.18701664586342
7,1,19,317.1392791067004,192.51819592114617
7,1,21,309.8141960153794,203.25129034054027
7,2,3,364.4115016974296,153.07829210917345
7,2,5,314.7869101372239,111.4558009706618
7,2,7,332.7726292739316,195.55862733451502
7,2,9,305.84550103316656,142.98526731333493
7,2,11,298.81166531246686,157.21429167660307
7,2,13,294.3387664984962,164.59670283247146
7,2,15,287.5730062842991,169.22992683099636
7,2,17,286.992876165156,178.13607477910455
7,2,19,286.59433889066185,175.77013803661742
7,2,21,279.0977134309097,187.38453242770504
7,3,3,357.6328385463451,166.0199648691544
7,3,5,315.97020767781146,142.40057705985507
7,3,7,328.6691053291468,227.2964104784926
7,3,9,289.41127693907214,180.8962648591499
7,3,11,287.17134624446106,190.46107784865828
7,3,13,280.0291127359353,200.47064237576905
7,3,15,277.08413435339844,202.9376734723759
7,3,17,269.2652994497671,211.20995586874105
7,3,19,268.8290142208777,211.36739849296725
7,3,21,261.3494167683857,219.10023475356482
7,4,3,370.48246460839414,184.06417963564
7,4,5,326.2500916317155,163.46727707097943
7,4,7,331.35347946031413,227.57319291343896
7,4,9,298.5195412188675,200.08213810433654
7,4,11,291.21032239653454,212.34049712607066
7,4,13,285.99318902027017,219.6009983766607
7,4,15,284.09769336692403,222.5943504585098
7,4,17,274.29297699844045,231.91864573147663
7,4,19,275.0794288698327,232.43705252177307
7,4,21,268.553082433506,239.23244916413887
7,5,3,374.7001968461656,192.0671744183858
7,5,5,328.50333177003876,169.80145356434184
7,5,7,331.89431716554935,247.19878784461747
7,5,9,305.69292497148274,205.37420757375756
7,5,11,298.5759333729859,217.26568175517076
7,5,13,286.7778157738971,225.72090773250568
7,5,15,287.62033595411305,228.6520679236515
7,5,17,280.2676612479728,238.73375081543188
7,5,19,278.70743064273256,238.78243035731944
7,5,21,272.4311762548637,245.55184256715785
7,6,3,379.8532847901356,193.8168576497599
7,6,5,335.19855508551376,179.28628380982923
7,6,7,334.9508080587407,252.40071765246188
7,6,9,315.7397475454955,216.81641605566944
7,6,11,305.60845614032,231.47684721465777
7,6,13,296.1614363553489,239.14878567547487
7,6,15,294.91444049247934,243.15840135718483
7,6,17,288.45359177090774,252.87874221053164
7,6,19,288.53967458107326,252.57471818935525
7,6,21,282.35546559931635,259.52374562352617
7,7,3,373.0898616276857,196.6073380246834
7,7,5,341.4998286384597,182.9561100370447
7,7,7,336.70831201658154,255.6465277292961
7,7,9,319.7906583256172,223.32523544686163
7,7,11,309.4845669399968,237.704104597523
7,7,13,300.98615587914344,246.96374371690212
7,7,15,297.0052985195003,251.21107373655667
7,7,17,288.8123738860979,261.17674854777647
7,7,19,289.9870426588818,259.9115401691614
7,7,21,283.3705993849085,267.93073546065165
7,8,3,379.5325138636051,202.88299662908028
7,8,5,345.2677649557936,183.52358032507047
7,8,7,333.952943253656,254.9534970109631
7,8,9,321.77334758085743,229.2698787592217
7,8,11,309.7511048477259,243.26317090875958
7,8,13,302.69917104936343,253.1937965633037
7,8,15,299.98903115819127,256.98812157414784
7,8,17,290.48739169698814,267.087530138763
7,8,19,292.9818687494048,266.093525884801
7,8,21,285.2484322316682,274.5796050506892
7,9,3,382.64006730453,205.77453518726966
7,9,5,352.43101741931855,185.32695092935208
7,9,7,335.8729042831709,255.81971829424927
7,9,9,324.81685110790295,229.73843466494512
7,9,11,313.7938592624044,243.4191109235874
7,9,13,305.8895024401649,253.88615280516308
7,9,15,302.84345241722406,257.11081383340786
7,9,17,292.76572212139814,268.00732458914575
7,9,19,294.286614085301,267.1254112300213
7,9,21,285.7403888344682,276.1052977938605
7,10,3,388.4724016944467,204.65091488993764
7,10,5,359.17167303469625,191.5658027635072
7,10,7,341.228746591334,261.5617793228967
7,10,9,329.20281980422817,231.83102538327842
7,10,11,318.4791016524655,246.10937906833317
7,10,13,309.0648363438748,256.303086291224
7,10,15,306.84328165171644,260.16013083656117
7,10,17,297.5684492392586,271.85517569632646
7,10,19,296.684900880708,271.3096317069136
7,10,21,288.5340825099257,279.8988471025407
7,11,3,391.1014483563545,209.06486329646037
7,11,5,364.8937472917943,193.6833698460015
7,11,7,342.0428527300527,266.20871593649525
7,11,9,333.6052464606321,237.9648864002915
7,11,11,321.90493133525564,252.45247049678122
7,11,13,312.429907721419,262.24809967565966
7,11,15,310.73317157549894,266.1653143094147
7,11,17,301.73862631997997,278.0606816214989
7,11,19,301.0716509472207,277.90051412315313
7,11,21,292.5856337787646,286.40416459135076
7,12,3,393.62585166977397,209.42495211809515
7,12,5,368.9489093818158,198.9932594414377
7,12,7,343.84546510716217,267.77059596911505
7,12,9,336.9775781214671,240.89697016442432
7,12,11,326.1749087425134,256.0015999915127
7,12,13,317.07632130190206,265.83231493078506
7,12,15,315.207349017345,269.70875538336736
7,12,17,305.7073776622658,281.8841048212841
7,12,19,305.11724851855416,281.65382045322133
7,12,21,295.96781502645837,290.5069368083185
7,13,3,394.33358351658507,212.08523666331274
7,13,5,369.2053725667496,203.26491567756872
7,13,7,345.11889350774857,273.0559175958794
7,13,9,339.11292734252265,243.96128193616738
7,13,11,329.42131040078755,260.9214674573935
7,13,13,318.59892070874076,268.74099346916137
7,13,15,316.7488235811184,272.0488334718114
7,13,17,306.1266138024136,285.0525565127496
7,13,19,305.8665865065294,283.92355164381433
7,13,21,294.8486935119763,293.7535992911319
7,14,3,395.8628302492798,214.05289066717745
7,14,5,373.79200338628067,204.02801005078706
7,14,7,344.67446956572354,275.9953761475267
7,14,9,341.5986894137472,248.73800354024164
7,14,11,331.036896133201,264.7936898139352
7,14,13,321.599147578444,274.0754498841725
7,14,15,317.7618887260398,278.43426209048647
7,14,17,306.761397414458,290.26890692214846
7,14,19,306.96036065921834,289.6185901616376
7,14,21,296.11244786534706,299.1398450151319
7,15,3,398.07883098282974,216.08996728081956
7,15,5,375.9600353723748,207.22662037331745
7,15,7,345.67641181471754,278.140366770004
7,15,9,344.8098213308813,250.36740071342857
7,15,11,334.97127419219237,267.0862014164228
7,15,13,324.6233427702477,276.27822960300614
7,15,15,319.9415295957075,280.88429095695017
7,15,17,311.0171342528566,292.7233563057879
7,15,19,311.5938797096642,291.7876365774604
7,15,21,300.5726718723189,302.10134116091274
7,16,3,401.01244933572815,219.19900910691896
7,16,5,376.88734866850587,205.30951901451604
7,16,7,347.1905961215604,280.2234709574607
7,16,9,345.8037750349324,253.19192823594423
7,16,11,335.5345971752327,269.6367151879508
7,16,13,326.1939419495135,278.49791107350353
7,16,15,320.7249284818583,282.86488353754083
7,16,17,312.060332621287,295.4711650408743
7,16,19,312.3240386842929,294.4447486770138
7,16,21,302.06031608052524,304.4259160701653
7,17,3,400.05541425093185,219.2640173517085
7,17,5,381.9122056308057,206.96134673068718
7,17,7,347.52148203159925,278.0843069278779
7,17,9,346.6604484971026,255.63470422174984
7,17,11,336.4117624362973,268.42143372207903
7,17,13,329.45355357072253,280.95239661766567
7,17,15,323.7984801819925,285.8801359110905
7,17,17,311.9225187335498,297.38759655924594
7,17,19,314.46609574324253,296.9179262646932
7,17,21,304.23804839213153,306.7059296960219
7,18,3,401.02619196639284,222.64412401907512
7,18,5,384.7989388749104,209.118531552878
7,18,7,349.1447678618707,281.18161207354507
7,18,9,348.98723629457845,254.53216011417425
7,18,11,337.88211321055354,270.48141069592316
7,18,13,328.76306930516546,280.2557252145904
7,18,15,324.3081168365732,284.6897421461237
7,18,17,314.1958296055155,296.531824663134
7,18,19,315.6046678428581,295.4548350354137
7,18,21,304.56716273198924,305.9803613468458
7,19,3,401.4396377332141,223.40367173967985
7,19,5,384.3931089025089,209.89205642503885
7,19,7,350.6532185549099,283.90747989657876
7,19,9,350.8550705226655,256.25791129203236
7,19,11,341.2978782575589,273.0450714074245
7,19,13,330.4418952186843,282.9169934622362
7,19,15,324.57357886734303,286.6838846074263
7,19,17,315.23122583264137,299.2870363908459
7,19,19,316.7739758063884,297.8599885897469
7,19,21,304.8325662546405,308.53471917057493
7,20,3,401.4236597373729,220.96791035205692
7,20,5,386.82571384411136,213.32069821483697
7,20,7,349.83451697270067,284.16873895374636
7,20,9,351.86628273592726,258.70084101114736
7,20,11,342.57800264378653,275.9306432678818
7,20,13,332.15541934104147,286.4644033306854
7,20,15,327.02207590932255,289.524610528981
7,20,17,315.87885002912356,302.6197807054681
7,20,19,317.93470090120337,301.0097704208135
7,20,21,305.18696846862156,311.76386371357466
